CASE_ID,ACCIDENT_YEAR,PROC_DATE,JURIS,COLLISION_DATE,COLLISION_TIME,OFFICER_ID,REPORTING_DISTRICT,DAY_OF_WEEK,CHP_SHIFT,POPULATION,CNTY_CITY_LOC,SPECIAL_COND,BEAT_TYPE,CHP_BEAT_TYPE,CITY_DIVISION_LAPD,CHP_BEAT_CLASS,BEAT_NUMBER,PRIMARY_RD,SECONDARY_RD,DISTANCE,DIRECTION,INTERSECTION,WEATHER_1,WEATHER_2,STATE_HWY_IND,CALTRANS_COUNTY,CALTRANS_DISTRICT,STATE_ROUTE,ROUTE_SUFFIX,POSTMILE_PREFIX,POSTMILE,LOCATION_TYPE,RAMP_INTERSECTION,SIDE_OF_HWY,TOW_AWAY,COLLISION_SEVERITY,NUMBER_KILLED,NUMBER_INJURED,PARTY_COUNT,PRIMARY_COLL_FACTOR,PCF_CODE_OF_VIOL,PCF_VIOL_CATEGORY,PCF_VIOLATION,PCF_VIOL_SUBSECTION,HIT_AND_RUN,TYPE_OF_COLLISION,MVIW,PED_ACTION,ROAD_SURFACE,ROAD_COND_1,ROAD_COND_2,LIGHTING,CONTROL_DEVICE,CHP_ROAD_TYPE,PEDESTRIAN_ACCIDENT,BICYCLE_ACCIDENT,MOTORCYCLE_ACCIDENT,TRUCK_ACCIDENT,NOT_PRIVATE_PROPERTY,ALCOHOL_INVOLVED,STWD_VEHTYPE_AT_FAULT,CHP_VEHTYPE_AT_FAULT,COUNT_SEVERE_INJ,COUNT_VISIBLE_INJ,COUNT_COMPLAINT_PAIN,COUNT_PED_KILLED,COUNT_PED_INJURED,COUNT_BICYCLIST_KILLED,COUNT_BICYCLIST_INJURED,COUNT_MC_KILLED,COUNT_MC_INJURED,PRIMARY_RAMP,SECONDARY_RAMP,LATITUDE,LONGITUDE,COUNTY,CITY,POINT_X,POINT_Y
7110812,2015,2015-11-14,3801,2015-10-28,0850,1572,SOUTH,3,5,7,3801,0,0,0,,0,3B1A,"2ND ST","DEBOOM ALLEY",0.00,,Y,B,-,N,,,,,,,,,,N,4,0,1,2,A,-,07,21658,A,F,B,G,A,B,H,-,A,D,0,,Y,,,Y,Y,A,01,0,0,1,0,0,0,1,0,0,-,-,,,"SAN FRANCISCO","SAN FRANCISCO",-122.39257987,37.78225997
7110814,2015,2016-01-11,3801,2015-10-28,0617,2306,TENDE,3,5,7,3801,0,0,0,,0,003,"5TH ST","MARKET ST",0.00,,Y,A,-,N,,,,,,,,,,N,4,0,1,2,A,-,08,22100,A,N,G,G,A,A,H,-,C,A,0,,Y,,,Y,,-,-,0,0,1,0,0,0,1,0,0,-,-,,,"SAN FRANCISCO","SAN FRANCISCO",-122.40805989,37.78399992
7110816,2015,2015-11-14,3801,2015-10-27,0955,000316,10272,2,5,7,3801,0,0,0,,0,3E15A,"FRANKLIN ST","OAK ST",0.00,,Y,B,-,N,,,,,,,,,,,4,0,1,2,A,-,12,21453,A,F,D,G,A,A,H,-,A,A,0,,Y,,,Y,,A,07,0,0,1,0,0,0,1,0,0,-,-,,,"SAN FRANCISCO","SAN FRANCISCO",-122.42094986,37.77520998
7110820,2015,2015-11-14,3801,2015-10-19,0845,1689,RICHM,1,5,7,3801,0,0,0,,0,,EUCLID,LAUREL,0.00,,Y,A,-,N,,,,,,,,,,N,3,0,1,2,A,-,09,21801,,N,B,G,A,A,H,-,A,A,0,,Y,,,Y,,A,01,0,1,0,0,0,0,1,0,0,-,-,,,"SAN FRANCISCO","SAN FRANCISCO",-122.44928995,37.7846799
7110824,2015,2015-11-14,3801,2015-10-27,1927,2311,,2,5,7,3801,0,0,0,,0,3F21,"MASONIC AV","FELL ST",0.00,,Y,A,-,N,,,,,,,,,,N,3,0,1,2,A,-,21,22106,,N,D,G,A,A,H,-,C,A,0,,Y,,,Y,,A,07,0,1,0,0,0,0,1,0,0,-,-,,,"SAN FRANCISCO","SAN FRANCISCO",-122.44591997,37.77297997
7110834,2015,2015-11-14,3801,2015-10-26,0900,2235,A,1,5,7,3801,0,0,0,,0,004,"JACKSON ST","GRANT AV",50.00,E,N,A,-,N,,,,,,,,,,N,3,0,1,2,A,-,17,22517,,N,B,G,A,A,H,-,A,D,0,,Y,,,Y,,A,01,0,1,0,0,0,0,1,0,0,-,-,,,"SAN FRANCISCO","SAN FRANCISCO",-122.40645858,37.79604905
7110836,2015,2015-11-14,3801,2015-10-31,1242,2458,MISSI,6,5,7,3801,0,0,0,,0,3D15A,"24TH ST","SANCHEZ ST",50.00,W,N,A,-,N,,,,,,,,,,N,3,0,1,4,A,-,17,22517,,N,D,G,A,A,H,-,A,D,0,,Y,,,Y,,A,01,0,1,0,0,0,0,1,0,0,-,-,,,"SAN FRANCISCO","SAN FRANCISCO",-122.42980246,37.75155922
7110838,2015,2015-11-14,3801,2015-10-28,1000,000569,CENTR,3,5,7,3801,0,0,0,,0,3A2D,"EMBARCADERO NORTH ST","PIER 29",0.00,,Y,A,-,N,,,,,,,,,,N,4,0,1,2,A,-,00,21720,,N,D,G,A,A,H,-,A,D,0,,Y,,,Y,,L,04,0,0,1,0,0,0,1,0,0,-,-,,,"SAN FRANCISCO","SAN FRANCISCO",,
7110841,2015,2015-11-16,3801,2015-10-19,0820,4241,,1,5,7,3801,0,0,0,,0,,"17TH ST","ALBION ST",0.00,,Y,A,-,N,,,,,,,,,,N,4,0,1,2,D,-,00,,,N,D,G,A,A,H,-,A,D,0,,Y,,,Y,,-,-,0,0,1,0,0,0,1,0,0,-,-,,,"SAN FRANCISCO","SAN FRANCISCO",-122.4227099,37.76323999
7110846,2015,2016-08-10,3801,2015-10-16,0905,804,NORTH,5,5,7,3801,0,0,0,,0,3E14A,"POST ST","STEINER ST",25.00,E,N,A,-,N,,,,,,,,,,N,4,0,1,2,A,-,03,22350,,F,B,G,A,A,H,-,A,D,0,,Y,,,Y,,A,01,0,0,1,0,0,0,1,0,0,-,-,,,"SAN FRANCISCO","SAN FRANCISCO",-122.43463487,37.78495231
7110848,2015,2015-11-16,3801,2015-10-15,0024,2117,MISSI,4,5,7,3801,0,0,0,,0,901,"MARKET ST","DOLORES ST",0.00,,Y,A,-,N,,,,,,,,,,N,4,0,1,2,A,-,03,22350,,F,C,G,A,A,H,-,C,A,0,,Y,,,Y,,A,07,0,0,1,0,0,0,1,0,0,-,-,,,"SAN FRANCISCO","SAN FRANCISCO",-122.42690988,37.7691999
7110849,2015,2015-11-16,3801,2015-10-16,1901,4375,MISSI,5,5,7,3801,0,0,0,,0,3D91,"MISSION ST","23RD ST",90.00,N,N,A,-,N,,,,,,,,,,N,4,0,1,2,A,-,08,22102,,N,D,G,A,A,H,-,C,D,0,,Y,,,Y,,A,01,0,0,1,0,0,0,1,0,0,-,-,,,"SAN FRANCISCO","SAN FRANCISCO",-122.41861828,37.75407682
7110853,2015,2015-11-16,3801,2015-10-19,1715,1620,SOUTH,1,5,7,3801,0,0,0,,0,3B13D,"EMBARCADERO SOUTH ST","MISSION ST",0.00,,Y,A,-,N,,,,,,,,,,N,4,0,1,2,A,-,08,22107,,F,D,G,A,A,H,-,A,A,0,,Y,,,Y,,A,01,0,0,1,0,0,0,1,0,0,-,-,,,"SAN FRANCISCO","SAN FRANCISCO",,
7110857,2015,2015-11-16,3801,2015-10-08,1059,442,CENTR,4,5,7,3801,0,0,0,,0,002,"MONTGOMERY ST","COMMERCIAL ST",0.00,,Y,A,-,N,,,,,,,,,,N,3,0,1,2,A,-,08,22107,,N,B,G,A,A,H,-,A,D,0,,Y,,,Y,,A,08,0,1,0,0,0,0,1,0,0,-,-,,,"SAN FRANCISCO","SAN FRANCISCO",-122.40301994,37.79421995
7110859,2015,2015-11-16,3801,2015-10-07,0001,1268,TENDE,3,5,7,3801,0,0,0,,0,3J11E,"MARKET ST","9TH ST",0.00,,Y,A,-,N,,,,,,,,,,N,3,0,2,2,A,-,12,21453,A,N,D,G,A,A,H,-,C,A,0,,Y,,,Y,,L,04,0,1,1,0,0,0,1,0,0,-,-,,,"SAN FRANCISCO","SAN FRANCISCO",-122.41632995,37.77749993
7110862,2015,2015-11-16,3801,2015-10-14,2000,2370,BAYVI,3,5,7,3801,0,0,0,,0,3C13D,"FAIRFAX AV","MENDELL ST",0.00,,Y,A,-,N,,,,,,,,,,N,4,0,1,2,A,-,09,21802,A,N,D,G,A,A,H,-,C,D,0,,Y,,,Y,,A,08,0,0,1,0,0,0,1,0,0,-,-,,,"SAN FRANCISCO","SAN FRANCISCO",-122.38529997,37.74023999
7110875,2015,2015-11-16,3801,2015-10-07,1843,1573,MISSI,3,5,7,3801,0,0,0,,0,3D14D,"MARIPOSA ST","POTRERO AV",0.00,,Y,A,-,N,,,,,,,,,,N,4,0,1,2,A,-,08,22107,,N,-,G,A,A,H,-,B,A,0,,Y,,,Y,Y,L,04,0,0,1,0,0,0,1,0,0,-,-,,,"SAN FRANCISCO","SAN FRANCISCO",-122.40733988,37.76320991
7110876,2015,2015-11-16,3801,2015-10-11,1530,1620,SOUTH,7,5,7,3801,0,0,0,,0,3B11D,"HOWARD ST","1ST ST",100.00,W,N,A,-,N,,,,,,,,,,N,4,0,1,2,A,-,17,21657,,F,D,G,A,A,H,-,A,D,0,,Y,,,Y,,L,04,0,0,1,0,0,0,1,0,0,-,-,,,"SAN FRANCISCO","SAN FRANCISCO",-122.39628576,37.78835653
7110877,2015,2015-11-16,3801,2015-10-16,1940,1430,MISSI,5,5,7,3801,0,0,0,,0,901,"16TH ST","ALBION ST",0.00,,Y,A,-,N,,,,,,,,,,N,4,0,1,2,B,-,22,,,N,B,G,A,A,H,-,C,D,0,,Y,,,Y,,A,01,0,0,1,0,0,0,1,0,0,-,-,,,"SAN FRANCISCO","SAN FRANCISCO",-122.42309996,37.76483989
7110878,2015,2015-11-16,3801,2015-10-12,1320,1460,,1,5,7,3801,0,0,0,,0,COB,"11TH ST","MARKET ST",175.00,S,N,A,-,N,,,,,,,,,,N,4,0,1,2,A,-,17,22517,,N,B,G,A,A,H,-,A,D,0,,Y,,,Y,,A,01,0,0,1,0,0,0,1,0,0,-,-,,,"SAN FRANCISCO","SAN FRANCISCO",-122.41827253,37.77525942
7110879,2015,2015-11-30,3801,2015-10-06,1916,4057,,2,5,7,3801,0,0,0,,0,3E11D,"OCTAVIA ST","OAK ST",0.00,,Y,A,-,N,,,,,,,,,,N,4,0,1,1,A,-,12,21457,A,N,F,A,A,A,H,-,C,A,0,,Y,,,Y,,-,-,0,0,1,0,0,0,1,0,0,-,-,,,"SAN FRANCISCO","SAN FRANCISCO",-122.42429995,37.77479993
7110885,2015,2015-11-19,3801,2015-10-08,0645,4279,MISSI,4,5,7,3801,0,0,0,,0,,"14TH ST","GUERRERO ST",0.00,,Y,A,-,N,,,,,,,,,,N,3,0,1,2,A,-,08,22107,,N,H,A,A,A,H,-,B,A,0,,Y,,,Y,,A,01,0,1,0,0,0,0,1,0,0,-,-,,,"SAN FRANCISCO","SAN FRANCISCO",-122.42440985,37.76801994
7110886,2015,2015-11-18,3801,2015-10-11,2045,1787,,7,5,7,3801,0,0,0,,0,3E11D,"HAIGHT ST","STEINER ST",0.00,,Y,A,-,N,,,,,,,,,,,3,0,1,2,A,-,00,22800,A,N,A,G,A,A,H,-,C,A,0,,Y,,,Y,,L,04,0,1,0,0,0,0,1,0,0,-,-,,,"SAN FRANCISCO","SAN FRANCISCO",-122.43207996,37.77188997
7110889,2015,2015-11-19,3801,2015-10-11,0001,1613,,7,5,7,3801,0,0,0,,0,,"MCALLISTER ST","GOUGH ST",0.00,,Y,A,-,N,,,,,,,,,,N,3,0,2,2,A,-,09,21801,A,N,D,G,A,A,H,-,C,A,0,,Y,,,Y,,A,01,0,2,0,0,0,0,1,0,0,-,-,,,"SAN FRANCISCO","SAN FRANCISCO",-122.42353987,37.77966998
7110890,2015,2015-11-18,3801,2015-10-30,1712,498,COD,5,5,7,3801,0,0,0,,0,3D113,"17TH ST",VALENCIA,0.00,,Y,A,-,N,,,,,,,,,,N,4,0,1,2,A,-,08,22107,,N,D,G,A,A,H,-,A,A,0,,Y,,,Y,,L,04,0,0,1,0,0,0,1,0,0,-,-,,,"SAN FRANCISCO","SAN FRANCISCO",-122.42173997,37.76329993
7110892,2015,2016-08-08,3801,2015-10-03,1436,2045,TENDE,6,5,7,3801,0,0,0,,0,004,"TAYLOR ST","TURK ST",0.00,N,N,A,-,N,,,,,,,,,,N,4,0,1,2,A,-,00,21760,D,N,H,G,A,A,H,-,A,D,0,,Y,,,Y,,-,,0,0,1,0,0,0,1,0,0,-,-,,,"SAN FRANCISCO","SAN FRANCISCO",-122.41077986,37.78320988
7110902,2015,2015-11-18,3801,2015-10-30,1655,4208,BAYVI,5,5,7,3801,0,0,0,,0,03C,"ILLINOIS ST","23RD AV",60.00,N,N,A,-,N,,,,,,,,,,N,2,0,1,1,C,-,18,,,N,H,A,A,A,C,G,A,D,0,,Y,,,Y,,-,-,1,0,0,0,0,0,1,0,0,-,-,,,"SAN FRANCISCO","SAN FRANCISCO",-122.38710824,37.75559419
7110903,2015,2015-11-18,3801,2015-10-10,1909,195,NORTH,6,5,7,3801,0,0,0,,0,3E14D,"BUSH ST","FILLMORE ST",0.00,,Y,A,-,N,,,,,,,,,,N,4,0,1,2,A,-,12,21453,A,N,D,G,A,A,H,-,C,A,0,,Y,,,Y,,L,04,0,0,1,0,0,0,1,0,0,-,-,,,"SAN FRANCISCO","SAN FRANCISCO",-122.43344994,37.78703992
7110906,2015,2015-11-18,3801,2015-10-30,1905,358,COD,5,5,7,3801,0,0,0,,0,3D11D,"17TH ST","SANCHEZ ST",182.00,E,N,A,-,N,,,,,,,,,,N,3,0,1,1,A,-,03,22350,,N,H,A,A,A,H,-,C,D,0,,Y,,,Y,,L,04,0,1,0,0,0,0,1,0,0,-,-,,,"SAN FRANCISCO","SAN FRANCISCO",-122.43009167,37.76279412
7110908,2015,2016-08-10,3801,2015-10-10,1719,2138,RICHM,6,5,7,3801,0,0,0,,0,3D13D,"BALBOA ST","8TH AV",0.00,,Y,A,-,N,,,,,,,,,,N,3,0,1,2,D,-,00,,,N,D,G,A,A,H,-,A,A,0,,Y,,,Y,,-,-,0,1,0,0,0,0,1,0,0,-,-,,,"SAN FRANCISCO","SAN FRANCISCO",-122.46616998,37.77713992
7110910,2015,2015-11-18,3801,2015-10-30,2105,433,MISSI,5,5,7,3801,0,0,0,,0,901,"MISSION ST","16TH ST",212.00,N,N,A,-,N,,,,,,,,,,N,4,0,1,2,A,-,07,21658,A,N,D,G,A,A,H,-,C,D,0,,Y,,,Y,,L,04,0,0,1,0,0,0,1,0,0,-,-,,,"SAN FRANCISCO","SAN FRANCISCO",-122.41972289,37.76563088
7110915,2015,2015-11-18,3801,2015-10-09,1547,2294,PARK,5,5,7,3801,0,0,0,,0,3F61,"LAGUNA HONDA BL","BALCETA AV",0.00,,Y,A,-,N,,,,,,,,,,N,3,0,1,1,D,-,00,,,N,H,-,A,A,H,-,A,D,0,,Y,,,Y,,-,-,0,1,0,0,0,0,1,0,0,-,-,,,"SAN FRANCISCO","SAN FRANCISCO",-122.45742999,37.74551995
7110916,2015,2015-11-19,3801,2015-10-08,1604,1518,MISSI,4,5,7,3801,0,0,0,,0,0D5,"17TH ST","MISSION ST",0.00,,Y,A,-,N,,,,,,,,,,N,3,0,1,2,A,-,17,22517,,N,H,G,A,A,H,-,A,D,0,,Y,,,Y,,A,07,0,1,0,0,0,0,1,0,0,-,-,,,"SAN FRANCISCO","SAN FRANCISCO",-122.41949991,37.76341996
7110920,2015,2015-11-19,3801,2015-10-08,0650,2450,MISSI,4,5,7,3801,0,0,0,,0,3D6C,"DIVISION ST","VERMONT ST",0.00,,Y,A,-,N,,,,,,,,,,N,2,0,1,2,A,-,09,21801,A,N,D,G,A,A,H,-,C,D,0,,Y,,,Y,,A,01,1,0,0,0,0,0,1,0,0,-,-,,,"SAN FRANCISCO","SAN FRANCISCO",-122.40496988,37.76973993
7110929,2015,2015-11-16,3801,2015-10-09,1448,2450,MISSI,5,5,7,3801,0,0,0,,0,3D2C,"FOLSOM ST","23RD ST",0.00,,Y,A,-,N,,,,,,,,,,N,4,0,1,2,A,-,09,21801,A,N,B,G,A,A,H,-,A,A,0,,Y,,,Y,,L,04,0,0,1,0,0,0,1,0,0,-,-,,,"SAN FRANCISCO","SAN FRANCISCO",-122.41424992,37.75411992
7110946,2015,2015-11-16,3801,2015-10-06,1814,1518,MISSI,2,5,7,3801,0,0,0,,0,0D5,"VALENCIA ST","BROSNAN ST",0.00,,Y,A,-,N,,,,,,,,,,N,4,0,1,2,A,-,09,21801,A,N,D,G,A,A,H,-,A,A,0,,Y,,,Y,,A,01,0,0,1,0,0,0,1,0,0,-,-,,,"SAN FRANCISCO","SAN FRANCISCO",-122.42224994,37.76876999
7110950,2015,2015-11-16,3801,2015-10-06,1841,1134,TENDE,2,5,7,3801,0,0,0,,0,3J14D,"MARKET ST","CYRIL MAGNIN ST",40.00,W,N,A,-,N,,,,,,,,,,N,4,0,1,2,A,-,09,21801,A,N,D,G,A,A,H,-,A,A,0,,Y,,,Y,,A,01,0,0,1,0,0,0,1,0,0,-,-,,,"SAN FRANCISCO","SAN FRANCISCO",-122.40815693,37.78392153
7157806,2015,2016-01-19,3801,2015-12-17,1540,912,CENTR,4,5,7,3801,0,0,0,,0,3A30,"WASHINGTON ST","WAVERLY PL",0.00,,Y,B,-,N,,,,,,,,,,N,3,0,2,3,A,-,05,21650,,N,G,B,D,A,H,-,A,D,0,Y,Y,,,Y,,L,04,0,1,1,0,2,0,0,0,0,-,-,,,"SAN FRANCISCO","SAN FRANCISCO",-122.40698996,37.79509995
7157808,2015,2016-01-20,3801,2015-12-06,1625,004353,MISSI,7,5,7,3801,0,0,0,,0,901,"VALENCIA ST","24TH ST",0.00,,Y,A,-,N,,,,,,,,,,N,4,0,1,2,A,-,08,22107,,N,B,G,A,B,H,-,A,A,0,,Y,,,Y,,A,08,0,0,1,0,0,0,1,0,0,-,-,,,"SAN FRANCISCO","SAN FRANCISCO",-122.42064999,37.7521099
7157809,2015,2016-01-19,3801,2015-11-23,0629,4230,PARK,1,5,7,3801,0,0,0,,0,3F2A,"LAGUNA HONDA BL","WOODSIDE AV",0.00,,Y,B,E,N,,,,,,,,,,N,3,0,1,2,A,-,07,21658,A,N,B,G,A,A,H,-,C,A,0,,Y,,,Y,,D,23,0,1,0,0,0,0,1,0,0,-,-,,,"SAN FRANCISCO","SAN FRANCISCO",-122.45872997,37.74681996
7157816,2015,2016-01-20,3801,2015-12-09,0738,001528,SOUTH,3,5,7,3801,0,0,0,,0,3B3A,"8TH ST","MINNA ST",0.00,,Y,A,-,N,,,,,,,,,,N,4,0,1,2,A,-,09,21802,A,N,D,G,A,A,H,-,A,A,0,,Y,,,Y,,A,01,0,0,1,0,0,0,1,0,0,-,-,,,"SAN FRANCISCO","SAN FRANCISCO",-122.41259999,37.7770499
7157819,2015,2016-01-19,3801,2015-12-02,2318,2089,MISSI,3,5,7,3801,0,0,0,,0,3D14D,"17TH ST","CHURCH ST",100.00,W,N,A,-,N,,,,,,,,,,N,3,0,1,2,A,-,09,21801,A,N,D,G,A,A,H,-,C,D,0,,Y,,,Y,,A,01,0,1,0,0,0,0,1,0,0,-,-,,,"SAN FRANCISCO","SAN FRANCISCO",-122.42885523,37.76286126
7157823,2015,2016-01-19,3801,2015-12-02,1220,2375,RICHM,3,5,7,3801,0,0,0,,0,901,"CLEMENT ST","7TH AV",51.00,W,N,A,-,N,,,,,,,,,,N,3,0,1,2,A,-,17,22517,,N,H,G,A,A,H,-,A,D,0,,Y,,,Y,,A,01,0,1,0,0,0,0,1,0,0,-,-,,,"SAN FRANCISCO","SAN FRANCISCO",-122.46564624,37.78288199
7157824,2015,2016-01-20,3801,2015-12-09,1800,155,SOUTH,3,5,7,3801,0,0,0,,0,004,"HOWARD ST","11TH ST",0.00,,Y,A,-,N,,,,,,,,,,Y,4,0,1,2,A,-,08,22107,,N,D,G,A,A,H,-,C,A,0,,Y,,,Y,,A,01,0,0,1,0,0,0,1,0,0,-,-,,,"SAN FRANCISCO","SAN FRANCISCO",-122.41556991,37.77311988
7157827,2015,2016-01-19,3801,2015-12-04,1549,001523,NORTH,5,5,7,3801,0,0,0,,0,6CAR,"POLK ST","CALIFORNIA ST",0.00,,Y,A,-,N,,,,,,,,,,N,4,0,1,5,A,-,10,21950,A,N,G,G,B,A,H,-,A,A,0,Y,Y,,,Y,,A,01,0,0,1,0,0,0,1,0,0,-,-,,,"SAN FRANCISCO","SAN FRANCISCO",-122.42067992,37.79056996
7157838,2015,2016-01-19,3801,2015-12-09,2000,455,SOUTH,3,5,7,3801,0,0,0,,0,3B11E,"5TH ST","HOWARD ST",0.00,,Y,A,-,N,,,,,,,,,,N,4,0,1,2,A,-,17,22517,,N,E,G,A,A,H,-,C,A,0,,Y,,,Y,,A,01,0,0,1,0,0,0,1,0,0,-,-,,,"SAN FRANCISCO","SAN FRANCISCO",-122.40492993,37.78150996
7157907,2015,2016-01-29,3801,2015-12-16,1736,000738,NORTH,3,5,7,3801,0,0,0,,0,3E11D,"HAYES ST","POLK ST",195.00,W,N,A,-,N,,,,,,,,,,N,4,0,1,2,A,-,08,22107,,N,C,G,A,A,H,-,C,A,0,,Y,Y,,Y,,L,04,0,0,1,0,0,0,1,0,0,-,-,,,"SAN FRANCISCO","SAN FRANCISCO",-122.41870583,37.77742239
7173407,2015,2016-02-08,3801,2015-12-28,1614,4326,"CO B",1,5,7,3801,0,0,0,,0,004,"MISSION ST","VAN NESS AV",100.00,E,N,A,-,N,,,,,,,,,,N,4,0,1,3,A,-,07,21658,A,N,B,G,A,A,H,-,A,A,0,,Y,,,Y,,A,08,0,0,1,0,0,0,1,0,0,-,-,,,"SAN FRANCISCO","SAN FRANCISCO",-122.41837772,37.77329806
7202300,2015,2016-03-08,3801,2015-12-14,1513,2124,SOUTH,1,5,7,3801,0,0,0,,0,003,"RHODE ISLAND ST","ALAMEDA ST",0.00,,Y,A,-,N,,,,,,,,,,N,4,0,1,2,A,-,12,22450,A,N,D,G,A,A,H,-,A,A,0,,Y,,,Y,,L,04,0,0,1,0,0,0,1,0,0,-,-,,,"SAN FRANCISCO","SAN FRANCISCO",-122.40294995,37.76864992
8043732,2015,2016-05-23,3801,2015-08-12,0632,000251,,3,5,7,3801,0,0,0,,0,4C3,"CABRILLO AV","20TH AV",0.00,,Y,A,-,N,,,,,,,,,,N,4,0,1,2,D,-,00,,,N,D,G,A,A,H,-,A,D,0,,Y,,,Y,,-,-,0,0,1,0,0,0,1,0,0,-,-,,,"SAN FRANCISCO","SAN FRANCISCO",-122.47896998,37.77468989
8101309,2015,2016-08-16,3801,2015-07-25,0705,000769,CENTR,6,5,7,3801,0,0,0,,0,005,"MARKET ST","DRUMM ST",0.00,,Y,A,-,N,,,,,,,,,,N,4,0,1,1,A,-,03,22350,,N,H,-,A,A,H,-,A,A,0,,Y,,,Y,,L,04,0,0,1,0,0,0,1,0,0,-,-,,,"SAN FRANCISCO","SAN FRANCISCO",-122.39634998,37.79324997
90011610,2015,2015-10-19,9350,2015-08-25,1555,013450,,2,2,7,3801,0,1,3,,2,011,"SR 1 (N/B) VETERANS BLVD","LAKE ST.",528.00,N,N,A,-,Y,,,,,,,,,,N,3,0,1,1,A,-,03,22350,,N,F,A,A,A,H,-,A,A,0,,Y,,,Y,,L,04,0,1,0,0,0,0,1,0,0,-,-,,,"SAN FRANCISCO","SAN FRANCISCO",,
90016617,2015,2015-10-29,9350,2015-08-30,0900,#19777,,7,1,7,3801,0,1,2,,1,120,"US-101 NORTHBOUND (GOLDEN GATE BRIDGE)","LIGHTPOLE 119",0.00,,Y,B,-,N,,,101,,,,,,N,N,3,0,3,3,B,-,22,,,N,A,G,A,A,H,-,A,D,0,,Y,,,Y,,L,04,0,1,2,0,0,0,3,0,0,-,-,37.80977,-122.47731,"SAN FRANCISCO","SAN FRANCISCO",-122.47742924,37.8097511
90037911,2015,2015-10-26,9335,2015-09-20,2249,020889,,7,3,7,3801,0,1,2,,2,013,"US-101S/B TO THIRD ST.","HARKNESS AVE PED. OVERCROSSING",155.00,N,N,A,-,Y,,,101,,,,R,,,Y,2,0,1,2,A,-,08,22107,,N,H,G,A,A,H,-,C,D,0,,Y,,,Y,,L,04,1,0,0,0,0,0,1,0,0,-,-,37.71841,-122.39993,"SAN FRANCISCO","SAN FRANCISCO",-122.39993,37.71841
90041401,2015,2015-10-30,9350,2015-10-23,1347,020955,,5,1,7,3801,0,1,2,,1,120,"US 101 N/B EAST SIDEWALK","GOLDEN GATE BRIDGE NORTH TOWER",1056.00,S,N,B,-,N,,,,,,,,,,N,3,0,1,1,B,-,22,,,N,E,J,A,A,H,-,A,D,0,,Y,,,Y,,L,04,0,1,0,0,0,0,1,0,0,-,-,37.82297,-122.47887,"SAN FRANCISCO","SAN FRANCISCO",,
90060947,2015,2015-11-30,9350,2015-11-21,1400,019927,,6,2,7,3801,0,1,2,,1,120,"GOLDEN GATE BRIDGE WEST SIDEWALKLTPL 93","ALEXANDER AVE",6336.00,S,N,A,-,Y,,,,,,,,,,N,3,0,1,1,A,-,08,22107,,N,E,I,A,A,H,-,A,D,0,,Y,,,Y,,L,04,0,1,0,0,0,0,1,0,0,-,-,37.8164,-122.47771,"SAN FRANCISCO","SAN FRANCISCO",,
90063307,2015,2015-12-01,9350,2015-11-24,1400,014864,,2,2,7,3801,0,1,2,,1,120,"GOLDEN GATE BRIDGE E/SIDEWALK S/TOWER","TOLL PLAZA",0.00,,N,A,-,Y,,,,,,,,,,N,4,0,1,2,D,-,00,,,N,H,B,E,A,H,-,A,D,0,Y,Y,,,Y,,-,-,0,0,1,0,0,0,1,0,0,-,-,37.81092,-122.47739,"SAN FRANCISCO","SAN FRANCISCO",,